Total Return,Annualized Return,Volatility,Sharpe Ratio
-0.01889936706216829,0.010666088642189209,0.22715048526214704,-0.04109131154634702
