Total Return,Annualized Return,Volatility,Sharpe Ratio
-0.219988767434266,-0.5917887923105569,0.22319586657903984,-2.7410399739365494
