Total Return,Annualized Return,Volatility,Sharpe Ratio
-0.09059295188314663,-0.14813740037171752,0.21900191523682452,-0.7677439724209576
